{"rev": {"0": "[PAD]", "1": "[EOS]", "2": "[SOS]", "3": "restaurant", "4": "hotel", "5": "attraction", "6": "train", "7": "taxi", "8": "hospital", "9": "police", "10": "bus", "11": "booking", "12": "general", "13": "inform", "14": "request", "15": "recommend", "16": "book", "17": "select", "18": "sorry", "19": "none", "20": "pricerange", "21": "id", "22": "address", "23": "postcode", "24": "type", "25": "food", "26": "phone", "27": "name", "28": "area", "29": "choice", "30": "price", "31": "time", "32": "reference", "33": "parking", "34": "stars", "35": "internet", "36": "day", "37": "arriveby", "38": "departure", "39": "destination", "40": "leaveat", "41": "duration", "42": "trainid", "43": "people", "44": "department", "45": "stay"}, "vocab": {"[PAD]": 0, "[EOS]": 1, "[SOS]": 2, "restaurant": 3, "hotel": 4, "attraction": 5, "train": 6, "taxi": 7, "hospital": 8, "police": 9, "bus": 10, "booking": 11, "general": 12, "inform": 13, "request": 14, "recommend": 15, "book": 16, "select": 17, "sorry": 18, "none": 19, "pricerange": 20, "id": 21, "address": 22, "postcode": 23, "type": 24, "food": 25, "phone": 26, "name": 27, "area": 28, "choice": 29, "price": 30, "time": 31, "reference": 32, "parking": 33, "stars": 34, "internet": 35, "day": 36, "arriveby": 37, "departure": 38, "destination": 39, "leaveat": 40, "duration": 41, "trainid": 42, "people": 43, "department": 44, "stay": 45}}